ENQ171471372480552,8bac26be-350b-46eb-b8a6-ebaeb459eedc,partially_available,2024-05-03 10:52:04.806+05:30,2024-05-03 10:53:16.324+05:30
ENQ17148081232942644,8bac26be-350b-46eb-b8a6-ebaeb459eedc,pending,2024-05-04 13:05:29.427+05:30,2024-05-04 13:05:29.427+05:30
ENQ17134480812942644,8bac26be-350b-46eb-b8a6-ebaeb460eedc,pending,2024-05-04 13:05:29.427+05:31,2024-05-04 13:05:29.427+05:31
ENQ17148340812942644,8bac26be-350b-46eb-b8a6-ebaeb461eedc,pending,2024-05-04 13:05:29.427+05:32,2024-05-04 13:05:29.427+05:32
ENQ1712248230812942644,8bac26be-350b-46eb-b8a6-ebaeb462eedc,pending,2024-05-04 13:05:29.427+05:33,2024-05-04 13:05:29.427+05:33
ENQ17123480812942644,8bac26be-350b-46eb-b8a6-ebaeb463eedc,pending,2024-05-04 13:05:29.427+05:34,2024-05-04 13:05:29.427+05:34
ENQ1751480812942644,8bac26be-350b-46eb-b8a6-ebaeb464eedc,pending,2024-05-04 13:05:29.427+05:35,2024-05-04 13:05:29.427+05:35
ENQ171480812942644,8bac26be-350b-46eb-b8a6-ebaeb465eedc,pending,2024-05-04 13:05:29.427+05:36,2024-05-04 13:05:29.427+05:36
ENQ17148081294552644,8bac26be-350b-46eb-b8a6-ebaeb466eedc,pending,2024-05-04 13:05:29.427+05:37,2024-05-04 13:05:29.427+05:37
ENQ17148081294232644,8bac26be-350b-46eb-b8a6-ebaeb467eedc,pending,2024-05-04 13:05:29.427+05:38,2024-05-04 13:05:29.427+05:38
ENQ1714808129467772644,8bac26be-350b-46eb-b8a6-ebaeb468eedc,pending,2024-05-04 13:05:29.427+05:39,2024-05-04 13:05:29.427+05:39
ENQ171480812942345644,8bac26be-350b-46eb-b8a6-ebaeb469eedc,pending,2024-05-04 13:05:29.427+05:40,2024-05-04 13:05:29.427+05:40
ENQ17148082312942644,8bac26be-350b-46eb-b8a6-ebaeb470eedc,pending,2024-05-04 13:05:29.427+05:41,2024-05-04 13:05:29.427+05:41
ENQ171480812312942644,8bac26be-350b-46eb-b8a6-ebaeb471eedc,pending,2024-05-04 13:05:29.427+05:42,2024-05-04 13:05:29.427+05:42
ENQ1714843210812942644,8bac26be-350b-46eb-b8a6-ebaeb472eedc,pending,2024-05-04 13:05:29.427+05:43,2024-05-04 13:05:29.427+05:43
ENQ171480812942644988,8bac26be-350b-46eb-b8a6-ebaeb473eedc,pending,2024-05-04 13:05:29.427+05:44,2024-05-04 13:05:29.427+05:44
ENQ171480812942232644,8bac26be-350b-46eb-b8a6-ebaeb474eedc,pending,2024-05-04 13:05:29.427+05:45,2024-05-04 13:05:29.427+05:45
ENQ17143380812942232644,8bac26be-350b-46eb-b8a6-ebaeb475eedc,pending,2024-05-04 13:05:29.427+05:46,2024-05-04 13:05:29.427+05:46
ENQ17148780812942644,8bac26be-350b-46eb-b8a6-ebaeb476eedc,pending,2024-05-04 13:05:29.427+05:47,2024-05-04 13:05:29.427+05:47
ENQ17148340812942644,8bac26be-350b-46eb-b8a6-ebaeb477eedc,pending,2024-05-04 13:05:29.427+05:48,2024-05-04 13:05:29.427+05:48
ENQ17148980812942644,8bac26be-350b-46eb-b8a6-ebaeb478eedc,pending,2024-05-04 13:05:29.427+05:49,2024-05-04 13:05:29.427+05:49
ENQ171480812942644,8bac26be-350b-46eb-b8a6-ebaeb479eedc,pending,2024-05-04 13:05:29.427+05:50,2024-05-04 13:05:29.427+05:50
ENQ171480812942644,8bac26be-350b-46eb-b8a6-ebaeb480eedc,pending,2024-05-04 13:05:29.427+05:51,2024-05-04 13:05:29.427+05:51
ENQ171480812942644,8bac26be-350b-46eb-b8a6-ebaeb481eedc,pending,2024-05-04 13:05:29.427+05:52,2024-05-04 13:05:29.427+05:52
ENQ171480812942644,8bac26be-350b-46eb-b8a6-ebaeb482eedc,pending,2024-04-04 13:05:29.427+05:53,2024-05-04 13:05:29.427+05:53
ENQ171480812942644,8bac26be-350b-46eb-b8a6-ebaeb483eedc,pending,2024-04-04 13:05:29.427+05:54,2024-05-04 13:05:29.427+05:54
ENQ171480812942644,8bac26be-350b-46eb-b8a6-ebaeb484eedc,pending,2024-04-04 13:05:29.427+05:55,2024-05-04 13:05:29.427+05:55
ENQ171480812942644,8bac26be-350b-46eb-b8a6-ebaeb485eedc,pending,2024-04-04 13:05:29.427+05:56,2024-05-04 13:05:29.427+05:56
ENQ171480812942644,8bac26be-350b-46eb-b8a6-ebaeb486eedc,pending,2024-04-04 13:05:29.427+05:57,2024-05-04 13:05:29.427+05:57
ENQ171480812942644,8bac26be-350b-46eb-b8a6-ebaeb487eedc,pending,2024-04-04 13:05:29.427+05:58,2024-05-04 13:05:29.427+05:58
ENQ171480812942644,8bac26be-350b-46eb-b8a6-ebaeb488eedc,pending,2024-04-04 13:05:29.427+05:59,2024-05-04 13:05:29.427+05:59
ENQ171480812942644,8bac26be-350b-46eb-b8a6-ebaeb489eedc,pending,2024-04-04 13:05:29.427+05:60,2024-05-04 13:05:29.427+05:60
ENQ171480812942644,8bac26be-350b-46eb-b8a6-ebaeb490eedc,pending,2024-04-04 13:05:29.427+05:61,2024-05-04 13:05:29.427+05:61
ENQ171480812942644,8bac26be-350b-46eb-b8a6-ebaeb491eedc,pending,2024-04-04 13:05:29.427+05:62,2024-05-04 13:05:29.427+05:62
ENQ171480812942644,8bac26be-350b-46eb-b8a6-ebaeb492eedc,pending,2024-04-04 13:05:29.427+05:63,2024-05-04 13:05:29.427+05:63
ENQ171480812942644,8bac26be-350b-46eb-b8a6-ebaeb493eedc,pending,2024-04-04 13:05:29.427+05:64,2024-05-04 13:05:29.427+05:64
ENQ171480812942644,8bac26be-350b-46eb-b8a6-ebaeb494eedc,pending,2024-04-04 13:05:29.427+05:65,2024-05-04 13:05:29.427+05:65
ENQ171480812942644,8bac26be-350b-46eb-b8a6-ebaeb495eedc,pending,2024-04-04 13:05:29.427+05:66,2024-05-04 13:05:29.427+05:66
ENQ171480812942644,8bac26be-350b-46eb-b8a6-ebaeb496eedc,pending,2024-04-04 13:05:29.427+05:67,2024-05-04 13:05:29.427+05:67
ENQ171480812942644,8bac26be-350b-46eb-b8a6-ebaeb497eedc,pending,2024-04-04 13:05:29.427+05:68,2024-05-04 13:05:29.427+05:68
ENQ171480812942644,8bac26be-350b-46eb-b8a6-ebaeb498eedc,pending,2024-04-04 13:05:29.427+05:69,2024-05-04 13:05:29.427+05:69
ENQ171480812942644,8bac26be-350b-46eb-b8a6-ebaeb499eedc,pending,2024-04-04 13:05:29.427+05:70,2024-05-04 13:05:29.427+05:70
ENQ171480812942644,8bac26be-350b-46eb-b8a6-ebaeb500eedc,pending,2024-03-04 13:05:29.427+05:71,2024-05-04 13:05:29.427+05:71
ENQ171480812942644,8bac26be-350b-46eb-b8a6-ebaeb501eedc,pending,2024-03-04 13:05:29.427+05:72,2024-05-04 13:05:29.427+05:72
ENQ171480812942644,8bac26be-350b-46eb-b8a6-ebaeb502eedc,pending,2024-03-04 13:05:29.427+05:73,2024-05-04 13:05:29.427+05:73
ENQ171480812942644,8bac26be-350b-46eb-b8a6-ebaeb503eedc,pending,2024-03-04 13:05:29.427+05:74,2024-05-04 13:05:29.427+05:74
ENQ171480812942644,8bac26be-350b-46eb-b8a6-ebaeb504eedc,pending,2024-03-04 13:05:29.427+05:75,2024-05-04 13:05:29.427+05:75
ENQ171480812942644,8bac26be-350b-46eb-b8a6-ebaeb505eedc,pending,2024-03-04 13:05:29.427+05:76,2024-05-04 13:05:29.427+05:76
ENQ171480812942644,8bac26be-350b-46eb-b8a6-ebaeb506eedc,pending,2024-03-04 13:05:29.427+05:77,2024-05-04 13:05:29.427+05:77
ENQ171480812942644,8bac26be-350b-46eb-b8a6-ebaeb507eedc,pending,2024-03-04 13:05:29.427+05:78,2024-05-04 13:05:29.427+05:78
ENQ17148435340812942644,8bac26be-350b-46eb-b8a6-ebaeb529eedc,pending,2024-03-04 13:05:29.427+05:100,2024-05-04 13:05:29.427+05:100
ENQ171480812345942644,8bac26be-350b-46eb-b8a6-ebaeb530eedc,pending,2024-03-04 13:05:29.427+05:101,2024-05-04 13:05:29.427+05:101
ENQ17148082353129422342644,8bac26be-350b-46eb-b8a6-ebaeb531eedc,pending,2024-03-04 13:05:29.427+05:102,2024-05-04 13:05:29.427+05:102
ENQ1714808129422342644,8bac26be-350b-46eb-b8a6-ebaeb532eedc,pending,2024-03-04 13:05:29.427+05:103,2024-05-04 13:05:29.427+05:103
ENQ171480812942634444,8bac26be-350b-46eb-b8a6-ebaeb533eedc,pending,2024-03-04 13:05:29.427+05:104,2024-05-04 13:05:29.427+05:104
ENQ1714280812943442644,8bac26be-350b-46eb-b8a6-ebaeb534eedc,pending,2024-03-04 13:05:29.427+05:105,2024-05-04 13:05:29.427+05:105
ENQ1714808129423432644,8bac26be-350b-46eb-b8a6-ebaeb535eedc,pending,2024-03-04 13:05:29.427+05:106,2024-05-04 13:05:29.427+05:106
ENQ17148081293442644,8bac26be-350b-46eb-b8a6-ebaeb536eedc,pending,2024-03-04 13:05:29.427+05:107,2024-05-04 13:05:29.427+05:107
ENQ171483450812942644,8bac26be-350b-46eb-b8a6-ebaeb537eedc,pending,2024-03-04 13:05:29.427+05:108,2024-05-04 13:05:29.427+05:108
ENQ171480812942456644,8bac26be-350b-46eb-b8a6-ebaeb538eedc,pending,2024-03-04 13:05:29.427+05:109,2024-05-04 13:05:29.427+05:109
ENQ171480812943452644,8bac26be-350b-46eb-b8a6-ebaeb539eedc,pending,2024-03-04 13:05:29.427+05:110,2024-05-04 13:05:29.427+05:110
ENQ1714808129422345644,8bac26be-350b-46eb-b8a6-ebaeb540eedc,pending,2024-03-04 13:05:29.427+05:111,2024-05-04 13:05:29.427+05:111
ENQ171480812942654644,8bac26be-350b-46eb-b8a6-ebaeb541eedc,pending,2024-03-04 13:05:29.427+05:112,2024-05-04 13:05:29.427+05:112
ENQ17148081294542644,8bac26be-350b-46eb-b8a6-ebaeb542eedc,pending,2024-03-04 13:05:29.427+05:113,2024-05-04 13:05:29.427+05:113
ENQ171480812942698744,8bac26be-350b-46eb-b8a6-ebaeb543eedc,pending,2024-03-04 13:05:29.427+05:114,2024-05-04 13:05:29.427+05:114
ENQ171480812942644,8bac26be-350b-46eb-b8a6-ebaeb544eedc,pending,2024-03-04 13:05:29.427+05:115,2024-05-04 13:05:29.427+05:115
ENQ171445680812942644,8bac26be-350b-46eb-b8a6-ebaeb545eedc,pending,2024-03-04 13:05:29.427+05:116,2024-05-04 13:05:29.427+05:116
ENQ1719wr876480812942644,8bac26be-350b-46eb-b8a6-ebaeb546eedc,pending,2024-03-04 13:05:29.427+05:117,2024-05-04 13:05:29.427+05:117
